"","Estimate","Std. Error","t value"
"Intercept",18.3364402445714,0.00420476932653428,4360.86710604049
"categorical.continuous.feature",3.7261214602151,8.55496223217634e-05,43555.0895385683
