"surface","mean"
"categorical",0.592775257709212
"continuous",0.341195279886593
"feature",0.0660294624041952
