"","Estimate","Std. Error","t value"
"Intercept",18.3364402445686,0.0443419172698714,413.523847716606
"categorical.continuous.feature",3.74266041945673,0.000932776955643127,4012.3851654078
