"surface","mean"
"categorical",0.591879022097546
"continuous",0.340976746112011
"feature",0.0671442317904429
